,token_ignored,word
0,ione,One
1,▁done,One
2,iones,One
3,ponent,One
4,azione,One
5,▁component,One
6,zione,One
7,▁someone,One
8,oney,One
9,▁anyone,One
10,▁mentioned,One
11,Component,One
12,aciones,One
13,phone,One
14,▁money,One
15,▁components,One
16,▁alone,One
17,▁gone,One
18,zone,One
19,izione,One
20,▁phone,One
21,ponents,One
22,component,One
23,Phone,One
24,▁zone,One
25,▁Jones,One
26,onel,One
27,▁stone,One
28,stone,One
29,components,One
30,uzione,One
31,▁everyone,One
32,iciones,One
33,cciones,One
34,done,One
35,▁Personen,One
36,▁Stone,One
37,ationen,One
38,▁stagione,One
39,▁Component,One
40,bone,One
41,▁honest,One
42,▁tone,One
43,clone,One
44,▁Indones,One
45,▁Colonel,One
46,▁clone,One
47,ciones,One
48,ionen,One
49,Zone,One
50,▁iPhone,One
51,alone,One
52,onen,One
53,▁inwoners,One
54,▁zones,One
55,izzazione,One
56,▁iphone,One
57,oned,One
58,▁prisoners,One
59,▁persones,One
60,▁abandoned,One
61,ktionen,One
62,▁Phone,One
63,▁Zone,One
64,Components,One
65,Done,One
66,▁exponential,One
67,▁Done,One
68,▁stones,One
69,▁Anyone,One
70,▁versione,One
71,▁millones,One
72,▁prisoner,One
73,▁throne,One
74,estone,One
75,▁cone,One
76,ioned,One
77,▁exponent,One
78,▁persone,One
79,▁pione,One
80,▁timezone,One
81,▁sooner,One
82,etwork,Two
83,▁network,Two
84,▁Network,Two
85,network,Two
86,Network,Two
87,▁networks,Two
88,stwo,Two
89,▁utwor,Two
90,▁networking,Two
91,ictwo,Two
92,▁Fourier,Four
93,▁sevent,Seven
94,▁height,Eight
95,height,Eight
96,Height,Eight
97,▁weight,Eight
98,weight,Eight
99,▁weights,Eight
100,Weight,Eight
101,▁Height,Eight
102,aten,Ten
103,▁content,Ten
104,content,Ten
105,sten,Ten
106,iten,Ten
107,Content,Ten
108,Listener,Ten
109,▁written,Ten
110,▁often,Ten
111,▁extends,Ten
112,▁extension,Ten
113,eten,Ten
114,uten,Ten
115,▁potential,Ten
116,▁intent,Ten
117,arten,Ten
118,▁contents,Ten
119,isten,Ten
120,▁attention,Ten
121,atten,Ten
122,▁intended,Ten
123,▁ersten,Ten
124,kten,Ten
125,istent,Ten
126,▁wetenschapp,Ten
127,halten,Ten
128,anten,Ten
129,daten,Ten
130,Intent,Ten
131,▁tend,Ten
132,▁existence,Ten
133,▁extended,Ten
134,▁sentence,Ten
135,▁Content,Ten
136,contents,Ten
137,osten,Ten
138,▁extend,Ten
139,▁Intent,Ten
140,▁Normdaten,Ten
141,istence,Ten
142,▁listen,Ten
143,ClickListener,Ten
144,ierten,Ten
145,▁tent,Ten
146,ichten,Ten
147,chten,Ten
148,▁tensor,Ten
149,schaften,Ten
150,utenant,Ten
151,EventListener,Ten
152,▁intens,Ten
153,▁listener,Ten
154,▁Daten,Ten
155,nten,Ten
156,▁consistent,Ten
157,keiten,Ten
158,intent,Ten
159,▁attended,Ten
160,▁attend,Ten
161,zten,Ten
162,ften,Ten
163,▁extent,Ten
164,OnClickListener,Ten
165,itten,Ten
166,▁concaten,Ten
167,▁mainten,Ten
168,▁obten,Ten
169,oten,Ten
170,▁intention,Ten
171,▁statunitense,Ten
172,addEventListener,Ten
173,▁conten,Ten
174,riften,Ten
175,igten,Ten
176,extension,Ten
177,written,Ten
178,Extension,Ten
179,▁extensions,Ten
180,▁inten,Ten
181,▁perten,Ten
182,▁trakten,Ten
183,▁Datenbank,Ten
184,erten,Ten
185,▁hatten,Ten
186,▁listening,Ten
187,enten,Ten
188,▁tenía,Ten
189,▁potentially,Ten
190,tensor,Ten
191,▁Lieutenant,Ten
192,▁zweiten,Ten
193,▁extensive,Ten
194,▁threaten,Ten
195,listen,Ten
196,▁erhalten,Ten
197,ritten,Ten
198,▁forgotten,Ten
199,Contents,Ten
200,▁extens,Ten
201,▁letzten,Ten
202,ContentView,Ten
203,heiten,Ten
204,extend,Ten
205,reten,Ten
206,▁Arten,Ten
207,▁tennis,Ten
208,▁Tennessee,Ten
209,▁tender,Ten
210,▁tener,Ten
211,▁laten,Ten
212,▁Seiten,Ten
213,▁extending,Ten
214,▁intend,Ten
215,▁Zweiten,Ten
216,extensions,Ten
217,▁Rotten,Ten
218,▁Staaten,Ten
219,▁lieutenant,Ten
220,▁sentences,Ten
221,▁manten,Ten
222,▁maintenance,Ten
223,▁anten,Ten
224,etten,Ten
225,listener,Ten
226,▁alten,Ten
227,▁tensorflow,Ten
228,▁intensity,Ten
229,▁otten,Ten
230,▁Osten,Ten
231,▁Westen,Ten
232,esten,Ten
233,▁setContentView,Ten
234,Extensions,Ten
235,annten,Ten
236,▁apparten,Ten
237,▁konnten,Ten
238,attend,Ten
239,▁tenia,Ten
240,orten,Ten
241,▁persistent,Ten
242,persistence,Ten
243,intendo,Ten
244,▁Tennis,Ten
245,tensorflow,Ten
246,igkeiten,Ten
247,ätten,Ten
248,▁threatened,Ten
249,heten,Ten
250,▁tenir,Ten
251,▁listened,Ten
252,westen,Ten
253,▁tends,Ten
254,▁maybe,May
255,▁Maybe,May
256,▁mayor,May
257,▁Mayor,May
258,Maybe,May
259,maybe,May
260,▁mayoría,May
261,▁augusti,August
262,▁avoid,Void
263,▁avoided,Void
264,▁community,Unity
265,▁opportunity,Unity
266,▁Community,Unity
267,community,Unity
268,▁repair,Pair
269,▁Univers,Uni
270,unic,Uni
271,▁University,Uni
272,▁United,Uni
273,unicip,Uni
274,▁univers,Uni
275,▁unit,Uni
276,unit,Uni
277,▁municip,Uni
278,▁communic,Uni
279,▁Union,Uni
280,▁community,Uni
281,Unit,Uni
282,▁uniform,Uni
283,▁Unidos,Uni
284,▁union,Uni
285,▁units,Uni
286,Univers,Uni
287,▁municipal,Uni
288,▁communication,Uni
289,▁Municip,Uni
290,▁Universidad,Uni
291,▁Universität,Uni
292,union,Uni
293,▁Unit,Uni
294,univers,Uni
295,▁opportunity,Uni
296,▁statunit,Uni
297,▁Junior,Uni
298,▁universal,Uni
299,▁university,Uni
300,▁statunitense,Uni
301,▁municipio,Uni
302,junit,Uni
303,▁estadounidense,Uni
304,▁Community,Uni
305,▁universitaire,Uni
306,▁alcuni,Uni
307,▁universe,Uni
308,Union,Uni
309,▁junior,Uni
310,▁uniqu,Uni
311,▁Municipal,Uni
312,▁municipality,Uni
313,▁Universal,Uni
314,▁Communic,Uni
315,▁communicate,Uni
316,▁communities,Uni
317,community,Uni
318,▁Unicode,Uni
319,unix,Uni
320,▁Uniti,Uni
321,▁UNION,Uni
322,▁uniformly,Uni
323,▁Unix,Uni
324,université,Uni
325,▁uninstall,Uni
326,unicí,Uni
327,communic,Uni
328,uning,Uni
329,▁unix,Uni
330,▁Units,Uni
331,▁unicode,Uni
332,uniform,Uni
333,bin,Bi
334,▁bit,Bi
335,bit,Bi
336,ability,Bi
337,▁Bibli,Bi
338,big,Bi
339,ibility,Bi
340,abil,Bi
341,▁habit,Bi
342,▁big,Bi
343,obile,Bi
344,bind,Bi
345,▁combin,Bi
346,▁bij,Bi
347,▁bien,Bi
348,▁también,Bi
349,▁Bill,Bi
350,Big,Bi
351,▁probability,Bi
352,▁Bibliothèque,Bi
353,▁bind,Bi
354,▁Big,Bi
355,▁Bilder,Bi
356,bitr,Bi
357,▁Bibliografia,Bi
358,▁bin,Bi
359,Binding,Bi
360,▁arbitr,Bi
361,▁Biographie,Bi
362,▁binding,Bi
363,▁bits,Bi
364,bild,Bi
365,▁combination,Bi
366,▁mobile,Bi
367,bing,Bi
368,bie,Bi
369,▁bill,Bi
370,▁bird,Bi
371,▁arbitrary,Bi
372,▁ability,Bi
373,▁Bildern,Bi
374,abilities,Bi
375,▁Bild,Bi
376,▁bibli,Bi
377,▁birth,Bi
378,▁habitants,Bi
379,obil,Bi
380,▁combined,Bi
381,ibil,Bi
382,gebiet,Bi
383,▁Robin,Bi
384,▁bil,Bi
385,▁possibility,Bi
386,▁bild,Bi
387,obierno,Bi
388,▁combine,Bi
389,▁habitantes,Bi
390,bbi,Bi
391,ambigu,Bi
392,bits,Bi
393,Bitmap,Bi
394,▁Columbia,Bi
395,▁Billboard,Bi
396,obi,Bi
397,Bind,Bi
398,bia,Bi
399,▁stabil,Bi
400,binom,Bi
401,▁bigger,Bi
402,mobile,Bi
403,▁Bishop,Bi
404,▁orbit,Bi
405,▁Biography,Bi
406,bibli,Bi
407,▁Gebiet,Bi
408,▁habitat,Bi
409,bigg,Bi
410,▁Bird,Bi
411,▁bio,Bi
412,▁Bir,Bi
413,▁birds,Bi
414,▁Bibliographie,Bi
415,ambiguation,Bi
416,abile,Bi
417,bil,Bi
418,▁combinations,Bi
419,▁También,Bi
420,▁ubic,Bi
421,▁Billy,Bi
422,disambiguation,Bi
423,bib,Bi
424,bird,Bi
425,▁Bit,Bi
426,bió,Bi
427,▁Bitte,Bi
428,▁Biografia,Bi
429,abi,Bi
430,bij,Bi
431,▁gobierno,Bi
432,binding,Bi
433,▁inhabitants,Bi
434,▁abit,Bi
435,▁Bitmap,Bi
436,▁Bib,Bi
437,▁biz,Bi
438,▁Bil,Bi
439,bir,Bi
440,bildung,Bi
441,▁describing,Bi
442,▁Bij,Bi
443,▁bid,Bi
444,▁Colombia,Bi
445,▁bitmap,Bi
446,▁Bio,Bi
447,▁debido,Bi
448,Bit,Bi
449,▁Mobile,Bi
450,▁Bible,Bi
451,ibile,Bi
452,▁Robinson,Bi
453,▁ambigu,Bi
454,BIT,Bi
455,▁Bischof,Bi
456,▁bitter,Bi
457,bian,Bi
458,▁responsibility,Bi
459,Visibility,Bi
460,bid,Bi
461,▁probabil,Bi
462,▁bias,Bi
463,bibliothek,Bi
464,▁possibilities,Bi
465,▁compatibility,Bi
466,bio,Bi
467,▁biggest,Bi
468,▁ambient,Bi
469,▁Binding,Bi
470,▁stability,Bi
471,bindung,Bi
472,▁cambio,Bi
473,bine,Bi
474,▁bishop,Bi
475,▁Bien,Bi
476,▁gebied,Bi
477,▁visibility,Bi
478,▁abitanti,Bi
479,▁bila,Bi
480,▁capabilities,Bi
481,▁mobil,Bi
482,▁Bin,Bi
483,▁possibil,Bi
484,bishop,Bi
485,visibility,Bi
486,▁cabin,Bi
487,▁cabinet,Bi
488,▁Bibliografía,Bi
489,▁exhibition,Bi
490,Mobile,Bi
491,▁combining,Bi
492,▁bisher,Bi
493,▁Bind,Bi
494,▁bib,Bi
495,▁bir,Bi
496,▁binnen,Bi
497,▁Bian,Bi
498,tring,Tri
499,String,Tri
500,▁string,Tri
501,▁String,Tri
502,string,Tri
503,▁tried,Tri
504,▁matrix,Tri
505,▁distribution,Tri
506,matrix,Tri
507,▁attribute,Tri
508,▁strings,Tri
509,▁district,Tri
510,Attribute,Tri
511,istrict,Tri
512,▁Altri,Tri
513,▁trigger,Tri
514,▁District,Tri
515,toString,Tri
516,▁altri,Tri
517,ToString,Tri
518,▁attributes,Tri
519,▁trick,Tri
520,▁restrict,Tri
521,▁strict,Tri
522,▁trib,Tri
523,▁entries,Tri
524,▁stri,Tri
525,▁retrieve,Tri
526,▁countries,Tri
527,▁contribution,Tri
528,pmatrix,Tri
529,▁trivial,Tri
530,▁electric,Tri
531,▁metric,Tri
532,attribute,Tri
533,▁distributed,Tri
534,▁matrices,Tri
535,getString,Tri
536,ometric,Tri
537,▁trial,Tri
538,NSString,Tri
539,bmatrix,Tri
540,▁tries,Tri
541,ctrine,Tri
542,Matrix,Tri
543,▁Patrick,Tri
544,trim,Tri
545,attributes,Tri
546,Attributes,Tri
547,▁NSString,Tri
548,▁trig,Tri
549,metric,Tri
550,▁Trib,Tri
551,▁patri,Tri
552,strip,Tri
553,▁trim,Tri
554,▁Austria,Tri
555,atrice,Tri
556,▁trip,Tri
557,▁contrib,Tri
558,▁Distribution,Tri
559,▁strip,Tri
560,▁symmetric,Tri
561,▁industrial,Tri
562,▁strictly,Tri
563,▁distributions,Tri
564,▁Retrie,Tri
565,▁strik,Tri
566,strings,Tri
567,▁triggered,Tri
568,Trigger,Tri
569,substring,Tri
570,▁distribu,Tri
571,▁contributions,Tri
572,STRING,Tri
573,trigger,Tri
574,▁industri,Tri
575,▁strike,Tri
576,▁distrito,Tri
577,▁metrics,Tri
578,contrib,Tri
579,stringify,Tri
580,▁restricted,Tri
581,▁Matrix,Tri
582,▁doctrine,Tri
583,strij,Tri
584,▁distrib,Tri
585,▁Patri,Tri
586,▁triggers,Tri
587,▁Attribute,Tri
588,▁triumph,Tri
589,▁districts,Tri
590,▁restriction,Tri
591,atri,Tri
592,▁restrictions,Tri
593,▁Retrieved,Tri
594,▁StringBuilder,Tri
595,▁geometric,Tri
596,▁Betrieb,Tri
597,Strings,Tri
598,entries,Tri
599,▁contributed,Tri
600,▁Electric,Tri
601,▁retrieved,Tri
602,setAttribute,Tri
603,distribution,Tri
604,▁trif,Tri
605,▁contribu,Tri
606,▁substring,Tri
607,▁tricky,Tri
608,trightarrow,Tri
609,▁contribute,Tri
610,▁striking,Tri
611,▁tribes,Tri
612,tritt,Tri
613,▁attributed,Tri
614,▁Tried,Tri
615,▁tribe,Tri
616,▁sexual,Sex
617,osex,Sex
618,▁doctor,Octo
619,▁Doctor,Octo
620,▁doctor,oct
621,▁Doctor,oct
622,DOCTYPE,oct
623,▁doctrine,oct
624,▁decl,dec
625,▁decla,dec
626,▁declar,dec
627,▁declared,dec
628,▁decided,dec
629,▁decre,dec
630,▁declare,dec
631,▁decor,dec
632,▁decision,dec
633,▁decide,dec
634,▁declaration,dec
635,decode,dec
636,deck,dec
637,▁decom,dec
638,▁decid,dec
639,decor,dec
640,▁deck,dec
641,▁decay,dec
642,▁decode,dec
643,▁decis,dec
644,▁dece,dec
645,▁decrease,dec
646,▁declaring,dec
647,▁médec,dec
648,▁decomposition,dec
649,▁DECLARE,dec
650,▁decent,dec
651,▁decir,dec
652,decl,dec
653,▁declarations,dec
654,FirstName,First
655,isecond,Second
656,iseconds,Second
657,<unk>,Un
658,▁und,Un
659,ound,Un
660,unction,Un
661,ung,Un
662,▁function,Un
663,ount,Un
664,und,Un
665,▁run,Un
666,▁under,Un
667,▁una,Un
668,oun,Un
669,▁found,Un
670,une,Un
671,▁une,Un
672,unt,Un
673,ground,Un
674,▁fun,Un
675,▁Univers,Un
676,function,Un
677,▁understand,Un
678,▁count,Un
679,ungen,Un
680,unic,Un
681,▁coun,Un
682,▁running,Un
683,▁until,Un
684,count,Un
685,▁around,Un
686,unk,Un
687,▁University,Un
688,ungs,Un
689,▁functions,Un
690,▁bound,Un
691,▁background,Un
692,▁United,Un
693,unch,Un
694,run,Un
695,▁account,Un
696,▁func,Un
697,▁unter,Un
698,▁commun,Un
699,ounds,Un
700,▁Count,Un
701,Count,Un
702,▁young,Un
703,untu,Un
704,▁country,Un
705,una,Un
706,unicip,Un
707,▁round,Un
708,unc,Un
709,undle,Un
710,▁univers,Un
711,under,Un
712,▁County,Un
713,▁unit,Un
714,▁fund,Un
715,▁amount,Un
716,▁Unter,Un
717,ounter,Un
718,unit,Un
719,▁municip,Un
720,untime,Un
721,▁mount,Un
722,▁ground,Un
723,unn,Un
724,▁pun,Un
725,buntu,Un
726,▁sound,Un
727,▁runs,Un
728,undo,Un
729,▁Coun,Un
730,undred,Un
731,unst,Un
732,fortun,Un
733,▁unless,Un
734,Run,Un
735,Function,Un
736,▁Function,Un
737,▁counter,Un
738,▁launch,Un
739,background,Un
740,▁commune,Un
741,undes,Un
742,▁communic,Un
743,ounded,Un
744,ierung,Un
745,ommun,Un
746,▁Found,Un
747,▁announ,Un
748,fortunately,Un
749,▁Run,Un
750,▁undefined,Un
751,▁Under,Un
752,undert,Un
753,fun,Un
754,▁Union,Un
755,▁underarter,Un
756,unes,Un
757,▁community,Un
758,Runtime,Un
759,▁understanding,Un
760,▁Mount,Un
761,lung,Un
762,▁Ubuntu,Un
763,Unit,Un
764,unter,Un
765,▁Bundes,Un
766,▁Jahrhundert,Un
767,▁comun,Un
768,ubuntu,Un
769,▁Council,Un
770,unda,Un
771,▁hun,Un
772,▁uniform,Un
773,unde,Un
774,mlung,Un
775,▁announced,Un
776,▁unable,Un
777,nung,Un
778,▁Kunst,Un
779,Bundle,Un
780,Found,Un
781,▁Unidos,Un
782,ountry,Un
783,unden,Un
784,▁unknown,Un
785,▁union,Un
786,▁functionality,Un
787,func,Un
788,bound,Un
789,▁Une,Un
790,▁runtime,Un
791,▁sounds,Un
792,itung,Un
793,account,Un
794,▁Grund,Un
795,▁units,Un
796,UNT,Un
797,▁kommun,Un
798,▁Young,Un
799,▁boundary,Un
800,Background,Un
801,Account,Un
802,▁Foundation,Un
803,▁countries,Un
804,▁Sammlung,Un
805,unkt,Un
806,▁founded,Un
807,▁understood,Un
808,unci,Un
809,unque,Un
810,around,Un
811,▁Unfortunately,Un
812,stellung,Un
813,▁Dun,Un
814,Univers,Un
815,▁municipal,Un
816,▁encounter,Un
817,counter,Un
818,igung,Un
819,▁bundle,Un
820,▁nun,Un
821,found,Un
822,▁punt,Un
823,▁communes,Un
824,▁Sund,Un
825,undial,Un
826,▁communication,Un
827,▁Una,Un
828,functions,Un
829,grund,Un
830,ounding,Un
831,unto,Un
832,▁bounded,Un
833,AndroidRuntime,Un
834,▁unsigned,Un
835,▁Municip,Un
836,▁Universidad,Un
837,▁Universität,Un
838,▁lung,Un
839,union,Un
840,▁Unit,Un
841,▁Fund,Un
842,▁functional,Un
843,▁bounds,Un
844,country,Un
845,▁Mun,Un
846,▁gun,Un
847,▁Fun,Un
848,▁mundo,Un
849,Unknown,Un
850,▁Hung,Un
851,▁Und,Un
852,▁mountain,Un
853,Func,Un
854,▁underlying,Un
855,round,Un
856,amount,Un
857,univers,Un
858,▁junto,Un
859,▁workaround,Un
860,▁segundo,Un
861,▁comune,Un
862,▁bunch,Un
863,▁Sound,Un
864,▁opportunity,Un
865,▁county,Un
866,▁launched,Un
867,▁fundamental,Un
868,mund,Un
869,▁accounts,Un
870,launch,Un
871,unsigned,Un
872,▁statunit,Un
873,unächst,Un
874,▁unfortunately,Un
875,▁Country,Un
876,▁kun,Un
877,underline,Un
878,leitung,Un
879,runtime,Un
880,▁unexpected,Un
881,▁Junior,Un
882,undefined,Un
883,▁universal,Un
884,▁punto,Un
885,▁Mundial,Un
886,unta,Un
887,unnel,Un
888,bund,Un
889,▁ubuntu,Un
890,▁university,Un
891,mount,Un
892,wicklung,Un
893,▁Account,Un
894,▁statunitense,Un
895,▁Background,Un
896,scheidung,Un
897,bundle,Un
898,Runner,Un
899,zung,Un
900,▁zunächst,Un
901,▁Hun,Un
902,▁rund,Un
903,Bound,Un
904,▁Brun,Un
905,▁unnecess,Un
906,▁jeune,Un
907,unte,Un
908,▁segunda,Un
909,▁Jahrhunderts,Un
910,▁estadoun,Un
911,NotFound,Un
912,unas,Un
913,unal,Un
914,▁municipio,Un
915,Launch,Un
916,▁aunque,Un
917,Counter,Un
918,▁uncertain,Un
919,unct,Un
920,Amount,Un
921,eground,Un
922,▁counts,Un
923,▁encountered,Un
924,▁Mountain,Un
925,▁unus,Un
926,junit,Un
927,▁unw,Un
928,▁tun,Un
929,Bounds,Un
930,▁abund,Un
931,▁council,Un
932,COUNT,Un
933,▁hung,Un
934,UND,Un
935,▁guns,Un
936,unks,Un
937,hung,Un
938,▁surrounding,Un
939,nungen,Un
940,teilung,Un
941,▁estadounidense,Un
942,▁unnecessary,Un
943,▁Community,Un
944,▁mountains,Un
945,▁mounted,Un
946,▁universitaire,Un
947,punkt,Un
948,unft,Un
949,▁alcuni,Un
950,unge,Un
951,▁Running,Un
952,▁fortune,Un
953,▁runat,Un
954,▁wounded,Un
955,▁grund,Un
956,▁misunder,Un
957,▁Unterscheidung,Un
958,▁universe,Un
959,▁chunk,Un
960,Union,Un
961,▁younger,Un
962,▁Unable,Un
963,▁algunos,Un
964,▁junior,Un
965,▁unfold,Un
966,▁Jung,Un
967,▁runt,Un
968,▁Commun,Un
969,▁uniqu,Un
970,▁Anleitung,Un
971,bildung,Un
972,▁unto,Un
973,ungsseite,Un
974,Country,Un
975,ichtung,Un
976,▁unclear,Un
977,▁Kommun,Un
978,▁Bruno,Un
979,ounced,Un
980,reibung,Un
981,▁trunc,Un
982,▁Tun,Un
983,running,Un
984,zeichnung,Un
985,▁COUNT,Un
986,ierungs,Un
987,▁counting,Un
988,▁Municipal,Un
989,▁punk,Un
990,▁Gun,Un
991,▁municipality,Un
992,▁Universal,Un
993,ounce,Un
994,▁Round,Un
995,unnable,Un
996,▁funcion,Un
997,▁Entwicklung,Un
998,▁surrounded,Un
999,▁comuna,Un
1000,▁uncle,Un
1001,führung,Un
1002,▁redund,Un
1003,▁undert,Un
1004,▁Communic,Un
1005,▁Bedeutung,Un
1006,▁Punk,Un
1007,▁foundation,Un
1008,▁bund,Un
1009,▁unusual,Un
1010,▁reun,Un
1011,etzung,Un
1012,▁communicate,Un
1013,kund,Un
1014,▁unders,Un
1015,▁communities,Un
1016,▁Braun,Un
1017,▁begun,Un
1018,bounds,Un
1019,▁Zeitung,Un
1020,community,Un
1021,▁Unicode,Un
1022,▁Comun,Un
1023,▁sunt,Un
1024,▁Unternehmen,Un
1025,▁kunnen,Un
1026,▁Segunda,Un
1027,▁Bund,Un
1028,▁pounds,Un
1029,▁boundaries,Un
1030,▁Bundle,Un
1031,unix,Un
1032,mun,Un
1033,▁Uniti,Un
1034,attung,Un
1035,▁Regierung,Un
1036,▁Runtime,Un
1037,▁Rund,Un
1038,▁unlikely,Un
1039,▁lun,Un
1040,▁unsafe,Un
1041,lungen,Un
1042,Und,Un
1043,▁junt,Un
1044,ührung,Un
1045,▁founder,Un
1046,▁funkc,Un
1047,Fun,Un
1048,ordnung,Un
1049,▁Kun,Un
1050,▁grounds,Un
1051,▁unlike,Un
1052,▁alguns,Un
1053,zeichnungen,Un
1054,▁aufgrund,Un
1055,▁Hunter,Un
1056,▁uncertainty,Un
1057,▁Bevölkerung,Un
1058,▁Unless,Un
1059,▁UNION,Un
1060,bindung,Un
1061,▁uniformly,Un
1062,▁tunnel,Un
1063,unya,Un
1064,unwrap,Un
1065,▁lungo,Un
1066,▁alcune,Un
1067,▁Unix,Un
1068,unknown,Un
1069,université,Un
1070,▁unterschied,Un
1071,iftung,Un
1072,▁fung,Un
1073,▁conjunto,Un
1074,▁amounts,Un
1075,richtung,Un
1076,▁volunt,Un
1077,▁Bun,Un
1078,fund,Un
1079,▁algunas,Un
1080,unning,Un
1081,kunft,Un
1082,runner,Un
1083,unker,Un
1084,▁uninstall,Un
1085,wendung,Un
1086,unicí,Un
1087,Mount,Un
1088,▁RUN,Un
1089,▁kunst,Un
1090,altung,Un
1091,Running,Un
1092,communic,Un
1093,▁volunte,Un
1094,▁Lund,Un
1095,uning,Un
1096,unted,Un
1097,▁redundant,Un
1098,uncia,Un
1099,Foundation,Un
1100,▁unix,Un
1101,▁Catalunya,Un
1102,▁rounded,Un
1103,egung,Un
1104,▁Units,Un
1105,▁Mountains,Un
1106,▁nunca,Un
1107,▁opportun,Un
1108,▁Until,Un
1109,UNCTION,Un
1110,▁mundial,Un
1111,▁puntos,Un
1112,gun,Un
1113,▁communauté,Un
1114,▁Freund,Un
1115,▁unh,Un
1116,▁runner,Un
1117,▁Edmund,Un
1118,amsung,Un
1119,unless,Un
1120,▁Ung,Un
1121,▁jeunes,Un
1122,▁unicode,Un
1123,▁Uncle,Un
1124,▁counted,Un
1125,▁Richtung,Un
1126,rund,Un
1127,Under,Un
1128,▁funds,Un
1129,until,Un
1130,bounded,Un
1131,▁unf,Un
1132,▁ung,Un
1133,Sound,Un
1134,uniform,Un
1135,backgroundColor,Un
1136,▁Mundo,Un
1137,sound,Un
1138,chunk,Un
1139,▁hunting,Un
1140,▁deuxième,Deux
1141,▁trois,Trois
1142,▁troisième,Trois
1143,▁bronze,Onze
1144,▁seized,Seize
1145,▁center,Cent
1146,center,Cent
1147,▁century,Cent
1148,▁central,Cent
1149,▁recent,Cent
1150,▁Center,Cent
1151,▁Central,Cent
1152,▁centre,Cent
1153,centering,Cent
1154,▁percent,Cent
1155,▁recently,Cent
1156,▁concent,Cent
1157,▁Centre,Cent
1158,Center,Cent
1159,▁centro,Cent
1160,▁concentr,Cent
1161,acent,Cent
1162,▁Centro,Cent
1163,▁percentage,Cent
1164,▁Vincent,Cent
1165,▁adjacent,Cent
1166,▁centrale,Cent
1167,cente,Cent
1168,▁centuries,Cent
1169,▁Century,Cent
1170,▁centered,Cent
1171,central,Cent
1172,percent,Cent
1173,▁concentration,Cent
1174,▁descent,Cent
1175,▁decent,Cent
1176,century,Cent
1177,Percent,Cent
1178,▁famille,Mille
1179,▁Miller,Mille
1180,▁Marsh,Mars
1181,▁Marshall,Mars
1182,▁Marse,Mars
1183,▁main,Mai
1184,mail,Mai
1185,main,Mai
1186,▁remain,Mai
1187,▁Main,Mai
1188,▁email,Mai
1189,email,Mai
1190,▁domain,Mai
1191,Main,Mai
1192,domain,Mai
1193,▁maintain,Mai
1194,▁remains,Mai
1195,▁remained,Mai
1196,Email,Mai
1197,▁remaining,Mai
1198,▁mail,Mai
1199,▁mainly,Mai
1200,Mail,Mai
1201,Domain,Mai
1202,▁mainten,Mai
1203,▁maior,Mai
1204,▁maison,Mai
1205,▁jamais,Mai
1206,▁Mail,Mai
1207,▁maintained,Mai
1208,▁remainder,Mai
1209,▁domains,Mai
1210,gmail,Mai
1211,▁Email,Mai
1212,MainActivity,Mai
1213,▁emails,Mai
1214,▁maintenance,Mai
1215,▁Maine,Mai
1216,▁Domain,Mai
1217,▁MainActivity,Mai
1218,MAIN,Mai
1219,▁algunos,Uno
1220,▁Bruno,Uno
1221,ados,Dos
1222,▁dos,Dos
1223,idos,Dos
1224,▁Estados,Dos
1225,▁Unidos,Dos
1226,▁todos,Dos
1227,dostęp,Dos
1228,odos,Dos
1229,ándose,Dos
1230,▁dost,Dos
1231,▁partidos,Dos
1232,▁autres,Tres
1233,ètres,Tres
1234,autres,Tres
1235,▁metres,Tres
1236,▁actress,Tres
1237,▁mètres,Tres
1238,▁stress,Tres
1239,▁kilometres,Tres
1240,▁altres,Tres
1241,Autres,Tres
1242,▁pochod,Ocho
1243,▁concern,Once
1244,▁concept,Once
1245,▁concent,Once
1246,▁conce,Once
1247,▁concert,Once
1248,▁concentr,Once
1249,▁concerned,Once
1250,▁entonces,Once
1251,▁concerning,Once
1252,▁concerns,Once
1253,▁concepts,Once
1254,▁conception,Once
1255,▁concentration,Once
1256,▁conced,Once
1257,amil,Mil
1258,▁famil,Mil
1259,▁similar,Mil
1260,▁mill,Mil
1261,▁family,Mil
1262,▁milit,Mil
1263,▁Famil,Mil
1264,▁familjen,Mil
1265,▁miles,Mil
1266,famil,Mil
1267,▁Mill,Mil
1268,▁familie,Mil
1269,▁military,Mil
1270,▁familiar,Mil
1271,amilton,Mil
1272,▁famille,Mil
1273,▁Milit,Mil
1274,family,Mil
1275,▁Hamilton,Mil
1276,▁families,Mil
1277,▁familia,Mil
1278,▁Similar,Mil
1279,▁Family,Mil
1280,▁Familie,Mil
1281,▁militar,Mil
1282,▁Milano,Mil
1283,▁Miller,Mil
1284,▁smile,Mil
1285,▁mile,Mil
1286,Mill,Mil
1287,▁Familien,Mil
1288,mill,Mil
1289,▁Military,Mil
1290,▁Similarly,Mil
1291,▁militaire,Mil
1292,▁Milan,Mil
1293,Famil,Mil
1294,▁milieu,Mil
1295,▁similarly,Mil
1296,▁smiled,Mil
1297,▁Emil,Mil
1298,▁Militär,Mil
1299,▁millimeter,Mil
1300,▁Camil,Mil
1301,▁millones,Mil
1302,mile,Mil
1303,Family,Mil
1304,▁milk,Mil
1305,▁Hamiltonian,Mil
1306,▁militare,Mil
1307,▁similarity,Mil
1308,similar,Mil
1309,▁mayor,Mayo
1310,▁Mayor,Mayo
1311,▁mayoría,Mayo
1312,▁Junior,Junio
1313,▁junior,Junio
1314,▁algunos,Uno
1315,▁Bruno,Uno
1316,▁entre,Tre
1317,Stream,Tre
1318,▁stream,Tre
1319,▁tree,Tre
1320,stream,Tre
1321,être,Tre
1322,atre,Tre
1323,▁Street,Tre
1324,▁treat,Tre
1325,▁être,Tre
1326,tree,Tre
1327,▁centre,Tre
1328,▁contre,Tre
1329,▁strength,Tre
1330,▁extrem,Tre
1331,Tree,Tre
1332,▁trees,Tre
1333,▁autres,Tre
1334,▁Centre,Tre
1335,▁mentre,Tre
1336,▁Stre,Tre
1337,▁street,Tre
1338,▁stre,Tre
1339,stre,Tre
1340,▁titre,Tre
1341,ître,Tre
1342,▁Stream,Tre
1343,InputStream,Tre
1344,entre,Tre
1345,▁extremely,Tre
1346,ètres,Tre
1347,âtre,Tre
1348,▁Entre,Tre
1349,▁treatment,Tre
1350,autres,Tre
1351,▁trem,Tre
1352,▁autre,Tre
1353,▁treated,Tre
1354,▁Tree,Tre
1355,▁Theatre,Tre
1356,estre,Tre
1357,▁stretch,Tre
1358,OutputStream,Tre
1359,▁altre,Tre
1360,▁metres,Tre
1361,ostream,Tre
1362,autre,Tre
1363,ltre,Tre
1364,▁extreme,Tre
1365,▁streets,Tre
1366,oltre,Tre
1367,▁tren,Tre
1368,▁streams,Tre
1369,▁actress,Tre
1370,▁ministre,Tre
1371,▁oltre,Tre
1372,contre,Tre
1373,▁retre,Tre
1374,▁mètres,Tre
1375,istre,Tre
1376,▁stress,Tre
1377,▁entrepr,Tre
1378,iostream,Tre
1379,▁kilometres,Tre
1380,▁notre,Tre
1381,▁Notre,Tre
1382,▁theatre,Tre
1383,▁estre,Tre
1384,▁altres,Tre
1385,▁streaming,Tre
1386,▁théâtre,Tre
1387,▁rencontre,Tre
1388,▁Montreal,Tre
1389,▁votre,Tre
1390,▁inoltre,Tre
1391,Autres,Tre
1392,trees,Tre
1393,▁treball,Tre
1394,street,Tre
1395,▁betre,Tre
1396,▁sein,Sei
1397,▁seiner,Sei
1398,▁seine,Sei
1399,▁seit,Sei
1400,▁seinem,Sei
1401,▁seinen,Sei
1402,seite,Sei
1403,▁Seit,Sei
1404,▁Seite,Sei
1405,▁Seine,Sei
1406,▁seines,Sei
1407,▁Sein,Sei
1408,ungsseite,Sei
1409,▁Seiten,Sei
1410,sein,Sei
1411,▁seized,Sei
1412,▁seizo,Sei
1413,parseInt,Sei
1414,▁Conseil,Sei
1415,▁conseil,Sei
1416,▁seizoen,Sei
1417,setText,Sette
1418,Setter,Sette
1419,ottom,Otto
1420,▁bottom,Otto
1421,bottom,Otto
1422,Bottom,Otto
1423,▁sotto,Otto
1424,▁novel,Nove
1425,▁Hannover,Nove
1426,vention,Venti
1427,▁convention,Venti
1428,▁Convention,Venti
1429,▁conventional,Venti
1430,▁famille,Mille
1431,▁Miller,Mille
1432,▁millimeter,milli
1433,▁maggior,Maggio
1434,▁maggiore,Maggio
1435,▁Eins,Eins
1436,▁gemeins,Eins
1437,▁Einsatz,Eins
1438,▁Gemeins,Eins
1439,▁Gemeinsame,Eins
1440,▁zweiten,Zwei
1441,▁Zweiten,Zwei
1442,▁zweite,Zwei
1443,avier,Vier
1444,▁sechs,Sechs
1445,racht,Acht
1446,lacht,Acht
1447,▁geslacht,Acht
1448,▁achter,Acht
1449,gebracht,Acht
1450,macht,Acht
1451,self,Elf
1452,▁self,Elf
1453,▁itself,Elf
1454,▁himself,Elf
1455,▁myself,Elf
1456,▁yourself,Elf
1457,▁herself,Elf
1458,▁Self,Elf
1459,▁zelf,Elf
1460,Self,Elf
1461,▁Jahrhundert,Hundert
1462,▁Jahrhunderts,Hundert
1463,▁januari,Januar
1464,▁februari,Februar
1465,▁main,Mai
1466,mail,Mai
1467,main,Mai
1468,▁remain,Mai
1469,▁Main,Mai
1470,▁email,Mai
1471,email,Mai
1472,▁domain,Mai
1473,Main,Mai
1474,domain,Mai
1475,▁maintain,Mai
1476,▁remains,Mai
1477,▁remained,Mai
1478,Email,Mai
1479,▁remaining,Mai
1480,▁mail,Mai
1481,▁mainly,Mai
1482,Mail,Mai
1483,Domain,Mai
1484,▁mainten,Mai
1485,▁maior,Mai
1486,▁maison,Mai
1487,▁jamais,Mai
1488,▁Mail,Mai
1489,▁maintained,Mai
1490,▁remainder,Mai
1491,▁domains,Mai
1492,gmail,Mai
1493,▁Email,Mai
1494,MainActivity,Mai
1495,▁emails,Mai
1496,▁maintenance,Mai
1497,▁Maine,Mai
1498,▁Domain,Mai
1499,▁MainActivity,Mai
1500,MAIN,Mai
1501,▁Junior,Juni
1502,junit,Juni
1503,▁junior,Juni
1504,▁Julia,Juli
1505,▁Julius,Juli
1506,▁Julian,Juli
1507,▁augusti,August
1508,ument,Um
1509,▁num,Um
1510,umn,Um
1511,▁number,Um
1512,▁document,Um
1513,▁column,Um
1514,num,Um
1515,ium,Um
1516,ume,Um
1517,sum,Um
1518,bum,Um
1519,▁sum,Um
1520,umber,Um
1521,▁argument,Um
1522,▁hum,Um
1523,document,Um
1524,▁zum,Um
1525,ump,Um
1526,▁uma,Um
1527,▁numbers,Um
1528,▁album,Um
1529,umb,Um
1530,▁assum,Um
1531,▁columns,Um
1532,Column,Um
1533,ocument,Um
1534,number,Um
1535,Number,Um
1536,umer,Um
1537,▁numer,Um
1538,column,Um
1539,useum,Um
1540,▁documentation,Um
1541,▁human,Um
1542,▁assume,Um
1543,rum,Um
1544,Document,Um
1545,▁arguments,Um
1546,▁Museum,Um
1547,▁Sum,Um
1548,▁maximum,Um
1549,summary,Um
1550,uman,Um
1551,▁volume,Um
1552,Num,Um
1553,numer,Um
1554,▁minimum,Um
1555,uments,Um
1556,umes,Um
1557,▁Number,Um
1558,umin,Um
1559,uming,Um
1560,▁circum,Um
1561,▁Album,Um
1562,▁assuming,Um
1563,album,Um
1564,▁documents,Um
1565,▁Document,Um
1566,uma,Um
1567,Sum,Um
1568,▁consum,Um
1569,umerate,Um
1570,▁instrument,Um
1571,▁circumst,Um
1572,ummy,Um
1573,▁summer,Um
1574,▁assumption,Um
1575,▁Num,Um
1576,▁Columb,Um
1577,▁assumed,Um
1578,▁quantum,Um
1579,▁Column,Um
1580,▁jump,Um
1581,imum,Um
1582,▁numpy,Um
1583,documentation,Um
1584,▁numerous,Um
1585,▁Human,Um
1586,columns,Um
1587,▁cum,Um
1588,▁Summer,Um
1589,elenium,Um
1590,▁álbum,Um
1591,nonumber,Um
1592,▁monument,Um
1593,▁Hum,Um
1594,NUM,Um
1595,numerable,Um
1596,▁enum,Um
1597,umen,Um
1598,▁circumstances,Um
1599,Columns,Um
1600,multicolumn,Um
1601,dump,Um
1602,enumerate,Um
1603,▁Columbia,Um
1604,rument,Um
1605,umi,Um
1606,umble,Um
1607,psum,Um
1608,Argument,Um
1609,▁summary,Um
1610,▁assumes,Um
1611,hum,Um
1612,rium,Um
1613,▁numerical,Um
1614,▁rum,Um
1615,▁dump,Um
1616,Enum,Um
1617,▁Volume,Um
1618,▁numeric,Um
1619,▁Assuming,Um
1620,umps,Um
1621,▁Stadium,Um
1622,orum,Um
1623,umbn,Um
1624,▁numero,Um
1625,▁volumes,Um
1626,▁spectrum,Um
1627,documentclass,Um
1628,▁medium,Um
1629,▁accum,Um
1630,enum,Um
1631,▁selenium,Um
1632,▁museum,Um
1633,▁summar,Um
1634,umph,Um
1635,▁aument,Um
1636,▁momentum,Um
1637,raum,Um
1638,▁lum,Um
1639,yaume,Um
1640,Documents,Um
1641,▁dummy,Um
1642,numbers,Um
1643,▁albums,Um
1644,▁assumptions,Um
1645,▁Rum,Um
1646,atum,Um
1647,▁Dum,Um
1648,umbnail,Um
1649,iums,Um
1650,umed,Um
1651,numeric,Um
1652,▁tum,Um
1653,▁consumer,Um
1654,átum,Um
1655,▁enumer,Um
1656,umann,Um
1657,▁monuments,Um
1658,▁Assume,Um
1659,▁SUM,Um
1660,▁summ,Um
1661,arium,Um
1662,▁Argument,Um
1663,NUMBER,Um
1664,▁dátum,Um
1665,forum,Um
1666,▁ipsum,Um
1667,argument,Um
1668,▁documented,Um
1669,▁Monument,Um
1670,▁IEnumerable,Um
1671,▁instruments,Um
1672,▁dátummal,Um
1673,numpy,Um
1674,umm,Um
1675,enium,Um
1676,▁drum,Um
1677,▁triumph,Um
1678,▁forum,Um
1679,umar,Um
1680,volume,Um
1681,Volume,Um
1682,▁Raum,Um
1683,umably,Um
1684,SUM,Um
1685,umeric,Um
1686,▁Zum,Um
1687,illaume,Um
1688,aum,Um
1689,museum,Um
1690,umbled,Um
1691,▁sums,Um
1692,▁humans,Um
1693,arguments,Um
1694,▁Albums,Um
1695,consum,Um
1696,human,Um
1697,Summary,Um
1698,▁equilibrium,Um
1699,Arguments,Um
1700,▁enumerate,Um
1701,uminate,Um
1702,selenium,Um
1703,ymnasium,Um
1704,▁consumption,Um
1705,▁humor,Um
1706,▁Trump,Um
1707,▁dokument,Um
1708,medium,Um
1709,zeum,Um
1710,▁NUM,Um
1711,umption,Um
1712,▁Guillaume,Um
1713,▁Dokument,Um
1714,▁thumb,Um
1715,▁drums,Um
1716,UMN,Um
1717,▁consume,Um
1718,icum,Um
1719,▁Forum,Um
1720,Numbers,Um
1721,baum,Um
1722,endum,Um
1723,neum,Um
1724,▁dois,Dois
1725,▁três,Três
1726,subseteq,Sete
1727,▁novel,Nove
1728,▁Hannover,Nove
1729,▁deze,Dez
1730,ández,Dez
1731,▁Deze,Dez
1732,▁Fernández,Dez
1733,▁bronze,Onze
1734,amil,Mil
1735,▁famil,Mil
1736,▁similar,Mil
1737,▁mill,Mil
1738,▁family,Mil
1739,▁milit,Mil
1740,▁Famil,Mil
1741,▁familjen,Mil
1742,▁miles,Mil
1743,famil,Mil
1744,▁Mill,Mil
1745,▁familie,Mil
1746,▁military,Mil
1747,▁familiar,Mil
1748,amilton,Mil
1749,▁famille,Mil
1750,▁Milit,Mil
1751,family,Mil
1752,▁Hamilton,Mil
1753,▁families,Mil
1754,▁familia,Mil
1755,▁Similar,Mil
1756,▁Family,Mil
1757,▁Familie,Mil
1758,▁militar,Mil
1759,▁Milano,Mil
1760,▁Miller,Mil
1761,▁smile,Mil
1762,▁mile,Mil
1763,Mill,Mil
1764,▁Familien,Mil
1765,mill,Mil
1766,▁Military,Mil
1767,▁Similarly,Mil
1768,▁militaire,Mil
1769,▁Milan,Mil
1770,Famil,Mil
1771,▁milieu,Mil
1772,▁similarly,Mil
1773,▁smiled,Mil
1774,▁Emil,Mil
1775,▁Militär,Mil
1776,▁millimeter,Mil
1777,▁Camil,Mil
1778,▁millones,Mil
1779,mile,Mil
1780,Family,Mil
1781,▁milk,Mil
1782,▁Hamiltonian,Mil
1783,▁militare,Mil
1784,▁similarity,Mil
1785,similar,Mil
1786,▁maior,Maio
1787,▁squadra,quadr
1788,▁quadratic,quadr
1789,▁Squadron,quadr
1790,▁Janu,Jan
1791,jango,Jan
1792,▁django,Jan
1793,▁janu,Jan
1794,▁Jane,Jan
1795,django,Jan
1796,▁januari,Jan
1797,▁Django,Jan
1798,▁január,Jan
1799,▁Febru,Feb
1800,▁febru,Feb
1801,▁februari,Feb
1802,▁február,Feb
1803,▁mark,Mar
1804,mark,Mar
1805,▁Mart,Mar
1806,▁Mark,Mar
1807,mary,Mar
1808,▁margin,Mar
1809,▁Mary,Mar
1810,▁Maria,Mar
1811,▁Martin,Mar
1812,summary,Mar
1813,▁married,Mar
1814,▁remark,Mar
1815,amar,Mar
1816,margin,Mar
1817,Mark,Mar
1818,▁Marie,Mar
1819,▁market,Mar
1820,▁marked,Mar
1821,▁Marg,Mar
1822,▁Marsh,Mar
1823,▁María,Mar
1824,▁marriage,Mar
1825,▁mart,Mar
1826,▁Marc,Mar
1827,▁smart,Mar
1828,▁mari,Mar
1829,▁marg,Mar
1830,▁summary,Mar
1831,Mart,Mar
1832,▁Marine,Mar
1833,▁Mario,Mar
1834,markt,Mar
1835,chmark,Mar
1836,▁Marcel,Mar
1837,▁marca,Mar
1838,▁marker,Mar
1839,▁marks,Mar
1840,amarin,Mar
1841,▁Margaret,Mar
1842,▁Palmar,Mar
1843,▁summar,Mar
1844,▁Marco,Mar
1845,▁mare,Mar
1846,▁primarily,Mar
1847,imar,Mar
1848,▁marry,Mar
1849,▁Mare,Mar
1850,▁Palmarès,Mar
1851,▁Maryland,Mar
1852,▁remarkable,Mar
1853,Martin,Mar
1854,marks,Mar
1855,marker,Mar
1856,▁Marshall,Mar
1857,▁benchmark,Mar
1858,Marie,Mar
1859,▁marine,Mar
1860,emark,Mar
1861,▁Marian,Mar
1862,IMARY,Mar
1863,umar,Mar
1864,marine,Mar
1865,Marker,Mar
1866,▁Transfermarkt,Mar
1867,▁markup,Mar
1868,▁remarked,Mar
1869,▁marc,Mar
1870,▁grammar,Mar
1871,▁Martí,Mar
1872,▁Marvel,Mar
1873,▁marqu,Mar
1874,Summary,Mar
1875,remark,Mar
1876,▁Mari,Mar
1877,▁Marina,Mar
1878,▁Marcus,Mar
1879,▁Martín,Mar
1880,mart,Mar
1881,market,Mar
1882,▁Marx,Mar
1883,▁Market,Mar
1884,▁markers,Mar
1885,▁remarks,Mar
1886,▁marque,Mar
1887,▁Martínez,Mar
1888,▁Marse,Mar
1889,▁après,Apr
1890,▁apro,Apr
1891,▁Après,Apr
1892,après,Apr
1893,▁aproxim,Apr
1894,▁apresent,Apr
1895,▁maybe,May
1896,▁Maybe,May
1897,▁mayor,May
1898,▁Mayor,May
1899,Maybe,May
1900,maybe,May
1901,▁mayoría,May
1902,▁junto,Jun
1903,▁Junior,Jun
1904,junit,Jun
1905,▁junior,Jun
1906,▁Jung,Jun
1907,▁junt,Jun
1908,▁conjunto,Jun
1909,▁Julia,Jul
1910,▁Julius,Jul
1911,▁Jules,Jul
1912,▁Julian,Jul
1913,augh,Aug
1914,aught,Aug
1915,▁daugh,Aug
1916,▁daughter,Aug
1917,▁laugh,Aug
1918,▁caught,Aug
1919,▁inaug,Aug
1920,▁taught,Aug
1921,▁augment,Aug
1922,▁laughed,Aug
1923,▁inaugur,Aug
1924,▁gauge,Aug
1925,caught,Aug
1926,▁Augen,Aug
1927,▁augusti,Aug
1928,▁augusztus,Aug
1929,▁daughters,Aug
1930,▁separ,Sep
1931,▁separate,Sep
1932,▁Joseph,Sep
1933,usepackage,Sep
1934,▁separated,Sep
1935,▁separately,Sep
1936,useppe,Sep
1937,▁Giuseppe,Sep
1938,▁separation,Sep
1939,separ,Sep
1940,▁separator,Sep
1941,▁doctor,Oct
1942,▁Doctor,Oct
1943,DOCTYPE,Oct
1944,▁doctrine,Oct
1945,▁novel,Nov
1946,▁Nova,Nov
1947,▁innov,Nov
1948,▁renov,Nov
1949,▁Hannover,Nov
1950,▁nova,Nov
1951,▁decl,Dec
1952,▁decla,Dec
1953,▁declar,Dec
1954,▁declared,Dec
1955,▁decided,Dec
1956,▁decre,Dec
1957,▁declare,Dec
1958,▁decor,Dec
1959,▁decision,Dec
1960,▁decide,Dec
1961,▁declaration,Dec
1962,decode,Dec
1963,deck,Dec
1964,▁decom,Dec
1965,▁decid,Dec
1966,decor,Dec
1967,▁deck,Dec
1968,▁decay,Dec
1969,▁decode,Dec
1970,▁decis,Dec
1971,▁dece,Dec
1972,▁decrease,Dec
1973,▁declaring,Dec
1974,▁médec,Dec
1975,▁decomposition,Dec
1976,▁DECLARE,Dec
1977,▁decent,Dec
1978,▁decir,Dec
1979,decl,Dec
1980,▁declarations,Dec
1981,▁Commons,Mon
1982,▁common,Mon
1983,▁month,Mon
1984,▁among,Mon
1985,▁Mont,Mon
1986,▁money,Mon
1987,▁months,Mon
1988,▁mond,Mon
1989,▁mont,Mon
1990,▁demon,Mon
1991,mond,Mon
1992,▁demonstr,Mon
1993,▁monde,Mon
1994,common,Mon
1995,emon,Mon
1996,month,Mon
1997,▁Monte,Mon
1998,▁Simon,Mon
1999,▁monitor,Mon
2000,▁Mond,Mon
2001,▁Common,Mon
2002,▁homonymes,Mon
2003,▁monument,Mon
2004,Month,Mon
2005,mont,Mon
2006,▁mondiale,Mon
2007,▁commonly,Mon
2008,▁Among,Mon
2009,omon,Mon
2010,▁Mongo,Mon
2011,▁mondo,Mon
2012,Common,Mon
2013,▁mongo,Mon
2014,imon,Mon
2015,rimonio,Mon
2016,▁monot,Mon
2017,▁Raymond,Mon
2018,▁Mong,Mon
2019,▁demonstrate,Mon
2020,commons,Mon
2021,▁monuments,Mon
2022,▁amongst,Mon
2023,mongodb,Mon
2024,▁mongodb,Mon
2025,▁Month,Mon
2026,▁Monument,Mon
2027,▁monaster,Mon
2028,Mont,Mon
2029,▁monarch,Mon
2030,▁ceremony,Mon
2031,▁Montreal,Mon
2032,▁Commonwealth,Mon
2033,▁Monsieur,Mon
2034,▁demonstrated,Mon
2035,▁Richmond,Mon
2036,▁MongoDB,Mon
2037,▁Montr,Mon
2038,▁monitoring,Mon
2039,▁Monde,Mon
2040,▁virtuel,Tue
2041,▁statue,Tue
2042,▁virtue,Tue
2043,▁followed,Wed
2044,▁allowed,Wed
2045,▁showed,Wed
2046,wedge,Wed
2047,owed,Wed
2048,▁Swedish,Wed
2049,▁Sweden,Wed
2050,allowed,Wed
2051,▁viewed,Wed
2052,ithub,Thu
2053,github,Thu
2054,thur,Thu
2055,▁Arthur,Thu
2056,▁github,Thu
2057,▁enthus,Thu
2058,▁GitHub,Thu
2059,▁thumb,Thu
2060,▁friend,Fri
2061,▁Fried,Fri
2062,▁friends,Fri
2063,▁Friedrich,Fri
2064,▁Africa,Fri
2065,▁African,Fri
2066,fried,Fri
2067,friend,Fri
2068,frica,Fri
2069,▁friendly,Fri
2070,▁Friend,Fri
2071,frika,Fri
2072,▁fright,Fri
2073,▁Fritz,Fri
2074,▁Frid,Fri
2075,frique,Fri
2076,▁friendship,Fri
2077,isation,Sat
2078,▁satisf,Sat
2079,▁conversation,Sat
2080,▁satisfy,Sat
2081,▁satisfied,Sat
2082,▁satisfies,Sat
2083,organisation,Sat
2084,▁Einsatz,Sat
2085,▁satisfying,Sat
2086,isat,Sat
2087,▁organisation,Sat
2088,▁Organisation,Sat
2089,▁satisfaction,Sat
2090,▁satellite,Sat
2091,▁Sund,Sun
2092,▁misunder,Sun
2093,▁sunt,Sun
2094,amsung,Sun
